thumbnailUrl,Url,likes
https://scontent.cdninstagram.com/t51.2885-15/s320x320/e35/c152.0.775.775/20184943_330576617371774_4554709476199890944_n.jpg,https://www.instagram.com/p/BWtTVb4h0pa/,22
https://scontent.cdninstagram.com/t51.2885-15/s320x320/e35/20184285_187909171745212_6230774606098071552_n.jpg,https://www.instagram.com/p/BWqx3zOBEPG/,12
https://scontent.cdninstagram.com/t51.2885-15/s320x320/e35/c79.0.416.416/19985217_1959217834298767_4685507465339469824_n.jpg,https://www.instagram.com/p/BWk3MZfheXK/,11
https://scontent.cdninstagram.com/t51.2885-15/s320x320/e35/c0.74.1080.1080/19761998_810223045802746_7235405123495657472_n.jpg,https://www.instagram.com/p/BWMO44ehGn3/,32
https://scontent.cdninstagram.com/t51.2885-15/s320x320/e35/c0.135.1080.1080/19429570_755305131321045_9193881940996915200_n.jpg,https://www.instagram.com/p/BWGYTE4BfGu/,27
https://scontent.cdninstagram.com/t51.2885-15/s320x320/e35/19120937_139918463238892_7906816225345273856_n.jpg,https://www.instagram.com/p/BVbEs5GBovJ/,28
https://scontent.cdninstagram.com/t51.2885-15/s320x320/e35/c135.0.809.809/18948056_2168904730002430_226753485587087360_n.jpg,https://www.instagram.com/p/BVILGFHhCiP/,16
https://scontent.cdninstagram.com/t51.2885-15/s320x320/e15/18381761_1230913137031462_9047625011644334080_n.jpg,https://www.instagram.com/p/BTz7KrVBs9T/,18
https://scontent.cdninstagram.com/t51.2885-15/s320x320/e35/c0.135.1080.1080/18094654_248992798838285_7307705791207702528_n.jpg,https://www.instagram.com/p/BOWzJaYFlhX/,30
https://scontent.cdninstagram.com/t51.2885-15/s320x320/e35/c0.135.1080.1080/18013557_1497977346892816_809414293765226496_n.jpg,https://www.instagram.com/p/BOBUktlAlfa/,29
https://scontent.cdninstagram.com/t51.2885-15/s320x320/e15/18160347_1901000450136730_1651627337214590976_n.jpg,https://www.instagram.com/p/BNDLIDeg3Jq/,21
https://scontent.cdninstagram.com/t51.2885-15/s320x320/e35/18095356_1841517746173826_5262305754827718656_n.jpg,https://www.instagram.com/p/BK98Qm1gkKC/,47
https://scontent.cdninstagram.com/t51.2885-15/s320x320/e35/18013816_103009990268368_4820221665789083648_n.jpg,https://www.instagram.com/p/BKYXjFmg3mT/,57
https://scontent.cdninstagram.com/t51.2885-15/s320x320/e35/c135.0.810.810/18095736_1892781987600167_8791096854256287744_n.jpg,https://www.instagram.com/p/BKUx-R_AyWX/,30
https://scontent.cdninstagram.com/t51.2885-15/s320x320/e35/18013929_1925934317693404_240076624463134720_n.jpg,https://www.instagram.com/p/BKPUg-IgnzO/,24
https://scontent.cdninstagram.com/t51.2885-15/s320x320/e35/c0.135.1080.1080/18161121_1297144560351790_4918443646543462400_n.jpg,https://www.instagram.com/p/BKMZCQ5A1ac/,24
https://scontent.cdninstagram.com/t51.2885-15/s320x320/e35/c70.0.939.939/18011481_233521613792369_3899766923935612928_n.jpg,https://www.instagram.com/p/BKIChniANa_/,29
https://scontent.cdninstagram.com/t51.2885-15/s320x320/e35/c236.0.608.608/18095739_1548799448471633_7291072031410356224_n.jpg,https://www.instagram.com/p/BJrt4rZgVlQ/,24
https://scontent.cdninstagram.com/t51.2885-15/s320x320/e35/18011564_412274365803868_9044887867641298944_n.jpg,https://www.instagram.com/p/BJWIEUdgcr8/,35
https://scontent.cdninstagram.com/t51.2885-15/s320x320/e35/c0.135.1080.1080/18012019_326810667734836_8129659323597979648_n.jpg,https://www.instagram.com/p/BJRofvkALuA/,34
